timestamp,red,ir,label,notes
1764262536.0437407,50002,100004,normal,"Kisi oturuyor, dinlenik halde"
1764262536.0490165,50040,100081,normal,"Kisi oturuyor, dinlenik halde"
1764262536.054122,50090,100181,normal,"Kisi oturuyor, dinlenik halde"
1764262536.0592308,50130,100261,normal,"Kisi oturuyor, dinlenik halde"
1764262536.0644147,50187,100375,normal,"Kisi oturuyor, dinlenik halde"
1764262536.0695446,50208,100416,normal,"Kisi oturuyor, dinlenik halde"
1764262536.0750651,50291,100583,normal,"Kisi oturuyor, dinlenik halde"
1764262536.0801787,50327,100655,normal,"Kisi oturuyor, dinlenik halde"
1764262536.0853488,50381,100763,normal,"Kisi oturuyor, dinlenik halde"
1764262536.0904799,50427,100854,normal,"Kisi oturuyor, dinlenik halde"
1764262536.0955791,50469,100938,normal,"Kisi oturuyor, dinlenik halde"
1764262536.1006572,50494,100988,normal,"Kisi oturuyor, dinlenik halde"
1764262536.1057243,50552,101104,normal,"Kisi oturuyor, dinlenik halde"
1764262536.1108055,50592,101184,normal,"Kisi oturuyor, dinlenik halde"
1764262536.1158774,50639,101278,normal,"Kisi oturuyor, dinlenik halde"
1764262536.1209462,50673,101346,normal,"Kisi oturuyor, dinlenik halde"
1764262536.126021,50697,101395,normal,"Kisi oturuyor, dinlenik halde"
1764262536.1311212,50739,101479,normal,"Kisi oturuyor, dinlenik halde"
1764262536.1368258,50772,101545,normal,"Kisi oturuyor, dinlenik halde"
1764262536.141961,50810,101620,normal,"Kisi oturuyor, dinlenik halde"
1764262536.1470604,50853,101706,normal,"Kisi oturuyor, dinlenik halde"
1764262536.152156,50866,101732,normal,"Kisi oturuyor, dinlenik halde"
1764262536.1572363,50922,101844,normal,"Kisi oturuyor, dinlenik halde"
1764262536.162331,50951,101902,normal,"Kisi oturuyor, dinlenik halde"
1764262536.1674094,50994,101989,normal,"Kisi oturuyor, dinlenik halde"
1764262536.172479,51046,102093,normal,"Kisi oturuyor, dinlenik halde"
1764262536.1775424,51034,102069,normal,"Kisi oturuyor, dinlenik halde"
1764262536.1826062,51063,102126,normal,"Kisi oturuyor, dinlenik halde"
1764262536.1876695,51071,102143,normal,"Kisi oturuyor, dinlenik halde"
1764262536.192735,51102,102205,normal,"Kisi oturuyor, dinlenik halde"
1764262536.1977978,51127,102255,normal,"Kisi oturuyor, dinlenik halde"
1764262536.2028623,51150,102300,normal,"Kisi oturuyor, dinlenik halde"
1764262536.207926,51164,102329,normal,"Kisi oturuyor, dinlenik halde"
1764262536.2129898,51180,102361,normal,"Kisi oturuyor, dinlenik halde"
1764262536.2180526,51178,102357,normal,"Kisi oturuyor, dinlenik halde"
1764262536.223117,51207,102414,normal,"Kisi oturuyor, dinlenik halde"
1764262536.2281804,51216,102432,normal,"Kisi oturuyor, dinlenik halde"
1764262536.2332444,51244,102489,normal,"Kisi oturuyor, dinlenik halde"
1764262536.238309,51245,102491,normal,"Kisi oturuyor, dinlenik halde"
1764262536.2433734,51244,102488,normal,"Kisi oturuyor, dinlenik halde"
1764262536.2484546,51265,102530,normal,"Kisi oturuyor, dinlenik halde"
1764262536.2535207,51265,102530,normal,"Kisi oturuyor, dinlenik halde"
1764262536.2585926,51250,102501,normal,"Kisi oturuyor, dinlenik halde"
1764262536.263673,51234,102469,normal,"Kisi oturuyor, dinlenik halde"
1764262536.2687457,51249,102498,normal,"Kisi oturuyor, dinlenik halde"
1764262536.2738094,51248,102496,normal,"Kisi oturuyor, dinlenik halde"
1764262536.2788837,51234,102468,normal,"Kisi oturuyor, dinlenik halde"
1764262536.2839518,51233,102467,normal,"Kisi oturuyor, dinlenik halde"
1764262536.289016,51210,102421,normal,"Kisi oturuyor, dinlenik halde"
1764262536.29408,51208,102416,normal,"Kisi oturuyor, dinlenik halde"
1764262536.2991445,51200,102401,normal,"Kisi oturuyor, dinlenik halde"
1764262536.3042088,51174,102349,normal,"Kisi oturuyor, dinlenik halde"
1764262536.3092911,51154,102309,normal,"Kisi oturuyor, dinlenik halde"
1764262536.3143575,51141,102282,normal,"Kisi oturuyor, dinlenik halde"
1764262536.3194215,51121,102243,normal,"Kisi oturuyor, dinlenik halde"
1764262536.3244855,51087,102175,normal,"Kisi oturuyor, dinlenik halde"
1764262536.329549,51082,102165,normal,"Kisi oturuyor, dinlenik halde"
1764262536.3346136,51042,102085,normal,"Kisi oturuyor, dinlenik halde"
1764262536.3396773,51010,102021,normal,"Kisi oturuyor, dinlenik halde"
1764262536.3447413,51015,102030,normal,"Kisi oturuyor, dinlenik halde"
1764262536.3498056,50953,101906,normal,"Kisi oturuyor, dinlenik halde"
1764262536.3548696,50926,101852,normal,"Kisi oturuyor, dinlenik halde"
1764262536.3599334,50907,101814,normal,"Kisi oturuyor, dinlenik halde"
1764262536.3649971,50863,101726,normal,"Kisi oturuyor, dinlenik halde"
1764262536.3700604,50834,101668,normal,"Kisi oturuyor, dinlenik halde"
1764262536.3751247,50807,101615,normal,"Kisi oturuyor, dinlenik halde"
1764262536.3801882,50752,101505,normal,"Kisi oturuyor, dinlenik halde"
1764262536.3852534,50711,101423,normal,"Kisi oturuyor, dinlenik halde"
1764262536.3903177,50659,101318,normal,"Kisi oturuyor, dinlenik halde"
1764262536.3953815,50653,101307,normal,"Kisi oturuyor, dinlenik halde"
1764262536.400445,50605,101211,normal,"Kisi oturuyor, dinlenik halde"
1764262536.4055088,50552,101104,normal,"Kisi oturuyor, dinlenik halde"
1764262536.4105728,50533,101067,normal,"Kisi oturuyor, dinlenik halde"
1764262536.4156365,50470,100940,normal,"Kisi oturuyor, dinlenik halde"
1764262536.4206996,50413,100827,normal,"Kisi oturuyor, dinlenik halde"
1764262536.4257734,50379,100759,normal,"Kisi oturuyor, dinlenik halde"
1764262536.4308484,50341,100683,normal,"Kisi oturuyor, dinlenik halde"
1764262536.4359171,50303,100606,normal,"Kisi oturuyor, dinlenik halde"
1764262536.4409804,50242,100484,normal,"Kisi oturuyor, dinlenik halde"
1764262536.4460433,50212,100425,normal,"Kisi oturuyor, dinlenik halde"
1764262536.4511058,50158,100317,normal,"Kisi oturuyor, dinlenik halde"
1764262536.4561682,50112,100224,normal,"Kisi oturuyor, dinlenik halde"
1764262536.461231,50059,100118,normal,"Kisi oturuyor, dinlenik halde"
1764262536.4662955,50020,100041,normal,"Kisi oturuyor, dinlenik halde"
1764262536.4713588,49957,99915,normal,"Kisi oturuyor, dinlenik halde"
1764262536.476423,49932,99864,normal,"Kisi oturuyor, dinlenik halde"
1764262536.4814868,49873,99747,normal,"Kisi oturuyor, dinlenik halde"
1764262536.4865499,49811,99622,normal,"Kisi oturuyor, dinlenik halde"
1764262536.491612,49786,99572,normal,"Kisi oturuyor, dinlenik halde"
1764262536.4966745,49729,99459,normal,"Kisi oturuyor, dinlenik halde"
1764262536.5017364,49702,99404,normal,"Kisi oturuyor, dinlenik halde"
1764262536.506801,49631,99262,normal,"Kisi oturuyor, dinlenik halde"
1764262536.5118644,49625,99251,normal,"Kisi oturuyor, dinlenik halde"
1764262536.5169282,49552,99105,normal,"Kisi oturuyor, dinlenik halde"
1764262536.521991,49509,99019,normal,"Kisi oturuyor, dinlenik halde"
1764262536.5270548,49468,98937,normal,"Kisi oturuyor, dinlenik halde"
1764262536.5321193,49427,98855,normal,"Kisi oturuyor, dinlenik halde"
1764262536.5371833,49377,98755,normal,"Kisi oturuyor, dinlenik halde"
1764262536.5422475,49343,98687,normal,"Kisi oturuyor, dinlenik halde"
1764262536.547311,49321,98643,normal,"Kisi oturuyor, dinlenik halde"
1764262536.5523744,49276,98552,normal,"Kisi oturuyor, dinlenik halde"
1764262536.5574381,49217,98434,normal,"Kisi oturuyor, dinlenik halde"
1764262536.5625017,49199,98398,normal,"Kisi oturuyor, dinlenik halde"
1764262536.5675657,49158,98316,normal,"Kisi oturuyor, dinlenik halde"
1764262536.572629,49129,98259,normal,"Kisi oturuyor, dinlenik halde"
1764262536.5776927,49085,98170,normal,"Kisi oturuyor, dinlenik halde"
1764262536.5827568,49074,98149,normal,"Kisi oturuyor, dinlenik halde"
1764262536.5878203,49032,98065,normal,"Kisi oturuyor, dinlenik halde"
1764262536.592884,48994,97988,normal,"Kisi oturuyor, dinlenik halde"
1764262536.597948,48959,97919,normal,"Kisi oturuyor, dinlenik halde"
1764262536.6030118,48946,97892,normal,"Kisi oturuyor, dinlenik halde"
1764262536.608075,48918,97837,normal,"Kisi oturuyor, dinlenik halde"
1764262536.6131382,48909,97818,normal,"Kisi oturuyor, dinlenik halde"
1764262536.618202,48879,97759,normal,"Kisi oturuyor, dinlenik halde"
1764262536.623265,48852,97705,normal,"Kisi oturuyor, dinlenik halde"
1764262536.6283288,48831,97663,normal,"Kisi oturuyor, dinlenik halde"
1764262536.6333988,48821,97643,normal,"Kisi oturuyor, dinlenik halde"
1764262536.638464,48797,97595,normal,"Kisi oturuyor, dinlenik halde"
1764262536.643528,48796,97592,normal,"Kisi oturuyor, dinlenik halde"
1764262536.6485918,48767,97535,normal,"Kisi oturuyor, dinlenik halde"
1764262536.6536553,48770,97540,normal,"Kisi oturuyor, dinlenik halde"
1764262536.6587193,48762,97525,normal,"Kisi oturuyor, dinlenik halde"
1764262536.6637824,48749,97499,normal,"Kisi oturuyor, dinlenik halde"
1764262536.668846,48748,97497,normal,"Kisi oturuyor, dinlenik halde"
1764262536.673909,48745,97491,normal,"Kisi oturuyor, dinlenik halde"
1764262536.6789846,48742,97484,normal,"Kisi oturuyor, dinlenik halde"
1764262536.6840522,48746,97492,normal,"Kisi oturuyor, dinlenik halde"
1764262536.6891167,48756,97513,normal,"Kisi oturuyor, dinlenik halde"
1764262536.6941803,48767,97535,normal,"Kisi oturuyor, dinlenik halde"
1764262536.699244,48772,97544,normal,"Kisi oturuyor, dinlenik halde"
1764262536.7043078,48766,97533,normal,"Kisi oturuyor, dinlenik halde"
1764262536.7093713,48796,97593,normal,"Kisi oturuyor, dinlenik halde"
1764262536.714435,48794,97588,normal,"Kisi oturuyor, dinlenik halde"
1764262536.7194986,48801,97603,normal,"Kisi oturuyor, dinlenik halde"
1764262536.724562,48830,97661,normal,"Kisi oturuyor, dinlenik halde"
1764262536.7296247,48844,97688,normal,"Kisi oturuyor, dinlenik halde"
1764262536.7346888,48866,97733,normal,"Kisi oturuyor, dinlenik halde"
1764262536.7397528,48876,97752,normal,"Kisi oturuyor, dinlenik halde"
1764262536.7448163,48887,97775,normal,"Kisi oturuyor, dinlenik halde"
1764262536.7498806,48931,97863,normal,"Kisi oturuyor, dinlenik halde"
1764262536.7549443,48930,97861,normal,"Kisi oturuyor, dinlenik halde"
1764262536.760008,48957,97915,normal,"Kisi oturuyor, dinlenik halde"
1764262536.7650716,48998,97997,normal,"Kisi oturuyor, dinlenik halde"
1764262536.7701359,49013,98026,normal,"Kisi oturuyor, dinlenik halde"
1764262536.7751992,49051,98102,normal,"Kisi oturuyor, dinlenik halde"
1764262536.7802632,49110,98220,normal,"Kisi oturuyor, dinlenik halde"
1764262536.7853317,49113,98226,normal,"Kisi oturuyor, dinlenik halde"
1764262536.7903984,49153,98306,normal,"Kisi oturuyor, dinlenik halde"
1764262536.795462,49167,98334,normal,"Kisi oturuyor, dinlenik halde"
1764262536.8005264,49227,98455,normal,"Kisi oturuyor, dinlenik halde"
1764262536.80559,49284,98569,normal,"Kisi oturuyor, dinlenik halde"
1764262536.8106537,49304,98608,normal,"Kisi oturuyor, dinlenik halde"
1764262536.8157182,49333,98666,normal,"Kisi oturuyor, dinlenik halde"
1764262536.8207824,49378,98757,normal,"Kisi oturuyor, dinlenik halde"
1764262536.8258452,49421,98843,normal,"Kisi oturuyor, dinlenik halde"
1764262536.83091,49473,98947,normal,"Kisi oturuyor, dinlenik halde"
1764262536.8359737,49519,99039,normal,"Kisi oturuyor, dinlenik halde"
1764262536.8410375,49574,99149,normal,"Kisi oturuyor, dinlenik halde"
1764262536.8461013,49599,99198,normal,"Kisi oturuyor, dinlenik halde"
1764262536.8511646,49634,99268,normal,"Kisi oturuyor, dinlenik halde"
1764262536.8562274,49679,99358,normal,"Kisi oturuyor, dinlenik halde"
1764262536.8612912,49746,99493,normal,"Kisi oturuyor, dinlenik halde"
1764262536.8663552,49784,99569,normal,"Kisi oturuyor, dinlenik halde"
1764262536.8733616,49833,99666,normal,"Kisi oturuyor, dinlenik halde"
1764262536.8784394,49863,99727,normal,"Kisi oturuyor, dinlenik halde"
1764262536.8835115,49928,99857,normal,"Kisi oturuyor, dinlenik halde"
1764262536.8885736,49977,99955,normal,"Kisi oturuyor, dinlenik halde"
1764262536.8936346,50008,100017,normal,"Kisi oturuyor, dinlenik halde"
1764262536.8986983,50044,100088,normal,"Kisi oturuyor, dinlenik halde"
1764262536.903762,50111,100223,normal,"Kisi oturuyor, dinlenik halde"
1764262536.9088256,50163,100326,normal,"Kisi oturuyor, dinlenik halde"
1764262536.9139063,50188,100377,normal,"Kisi oturuyor, dinlenik halde"
1764262536.9189746,50246,100493,normal,"Kisi oturuyor, dinlenik halde"
1764262536.9240394,50305,100611,normal,"Kisi oturuyor, dinlenik halde"
1764262536.9291017,50339,100678,normal,"Kisi oturuyor, dinlenik halde"
1764262536.934166,50375,100751,normal,"Kisi oturuyor, dinlenik halde"
1764262536.9392297,50427,100854,normal,"Kisi oturuyor, dinlenik halde"
1764262536.944294,50482,100965,normal,"Kisi oturuyor, dinlenik halde"
1764262536.949358,50527,101054,normal,"Kisi oturuyor, dinlenik halde"
1764262536.954422,50557,101115,normal,"Kisi oturuyor, dinlenik halde"
1764262536.959487,50607,101215,normal,"Kisi oturuyor, dinlenik halde"
1764262536.9645522,50652,101305,normal,"Kisi oturuyor, dinlenik halde"
1764262536.9696162,50684,101369,normal,"Kisi oturuyor, dinlenik halde"
1764262536.9746804,50713,101427,normal,"Kisi oturuyor, dinlenik halde"
1764262536.979808,50754,101508,normal,"Kisi oturuyor, dinlenik halde"
1764262536.9848986,50804,101608,normal,"Kisi oturuyor, dinlenik halde"
1764262536.9899685,50828,101657,normal,"Kisi oturuyor, dinlenik halde"
1764262536.9950516,50845,101691,normal,"Kisi oturuyor, dinlenik halde"
1764262537.0001256,50904,101808,normal,"Kisi oturuyor, dinlenik halde"
1764262537.0051901,50945,101891,normal,"Kisi oturuyor, dinlenik halde"
1764262537.010263,50967,101935,normal,"Kisi oturuyor, dinlenik halde"
1764262537.015337,50994,101988,normal,"Kisi oturuyor, dinlenik halde"
1764262537.0204046,51010,102020,normal,"Kisi oturuyor, dinlenik halde"
1764262537.0254683,51042,102084,normal,"Kisi oturuyor, dinlenik halde"
1764262537.0305414,51063,102127,normal,"Kisi oturuyor, dinlenik halde"
1764262537.0356095,51093,102186,normal,"Kisi oturuyor, dinlenik halde"
1764262537.040682,51125,102250,normal,"Kisi oturuyor, dinlenik halde"
1764262537.0457447,51128,102256,normal,"Kisi oturuyor, dinlenik halde"
1764262537.050806,51150,102300,normal,"Kisi oturuyor, dinlenik halde"
1764262537.05587,51169,102339,normal,"Kisi oturuyor, dinlenik halde"
1764262537.060934,51168,102337,normal,"Kisi oturuyor, dinlenik halde"
1764262537.0659986,51193,102386,normal,"Kisi oturuyor, dinlenik halde"
1764262537.0710628,51214,102429,normal,"Kisi oturuyor, dinlenik halde"
1764262537.076127,51216,102432,normal,"Kisi oturuyor, dinlenik halde"
1764262537.08119,51234,102469,normal,"Kisi oturuyor, dinlenik halde"
1764262537.0862536,51225,102450,normal,"Kisi oturuyor, dinlenik halde"
1764262537.0913181,51263,102526,normal,"Kisi oturuyor, dinlenik halde"
1764262537.096382,51238,102476,normal,"Kisi oturuyor, dinlenik halde"
1764262537.1014454,51257,102514,normal,"Kisi oturuyor, dinlenik halde"
1764262537.10651,51257,102514,normal,"Kisi oturuyor, dinlenik halde"
1764262537.111574,51258,102517,normal,"Kisi oturuyor, dinlenik halde"
1764262537.1166377,51244,102488,normal,"Kisi oturuyor, dinlenik halde"
1764262537.121701,51254,102508,normal,"Kisi oturuyor, dinlenik halde"
1764262537.1267645,51229,102459,normal,"Kisi oturuyor, dinlenik halde"
1764262537.1318266,51219,102439,normal,"Kisi oturuyor, dinlenik halde"
1764262537.1369095,51220,102441,normal,"Kisi oturuyor, dinlenik halde"
1764262537.1419802,51185,102370,normal,"Kisi oturuyor, dinlenik halde"
1764262537.1470554,51176,102352,normal,"Kisi oturuyor, dinlenik halde"
1764262537.1521232,51186,102372,normal,"Kisi oturuyor, dinlenik halde"
1764262537.1571872,51148,102297,normal,"Kisi oturuyor, dinlenik halde"
1764262537.1622589,51120,102241,normal,"Kisi oturuyor, dinlenik halde"
1764262537.1673286,51091,102183,normal,"Kisi oturuyor, dinlenik halde"
1764262537.1723938,51092,102185,normal,"Kisi oturuyor, dinlenik halde"
1764262537.1774578,51064,102129,normal,"Kisi oturuyor, dinlenik halde"
1764262537.1825218,51045,102090,normal,"Kisi oturuyor, dinlenik halde"
1764262537.1875856,51021,102042,normal,"Kisi oturuyor, dinlenik halde"
1764262537.1926494,50977,101955,normal,"Kisi oturuyor, dinlenik halde"
1764262537.1977131,50955,101911,normal,"Kisi oturuyor, dinlenik halde"
1764262537.2027774,50920,101841,normal,"Kisi oturuyor, dinlenik halde"
1764262537.207841,50894,101789,normal,"Kisi oturuyor, dinlenik halde"
1764262537.2129045,50856,101713,normal,"Kisi oturuyor, dinlenik halde"
1764262537.2179685,50808,101617,normal,"Kisi oturuyor, dinlenik halde"
1764262537.2230322,50789,101578,normal,"Kisi oturuyor, dinlenik halde"
1764262537.2280962,50753,101507,normal,"Kisi oturuyor, dinlenik halde"
1764262537.233159,50699,101399,normal,"Kisi oturuyor, dinlenik halde"
1764262537.238223,50656,101313,normal,"Kisi oturuyor, dinlenik halde"
1764262537.2434182,50621,101242,normal,"Kisi oturuyor, dinlenik halde"
1764262537.2484853,50591,101182,normal,"Kisi oturuyor, dinlenik halde"
1764262537.2535493,50549,101099,normal,"Kisi oturuyor, dinlenik halde"
1764262537.258613,50513,101026,normal,"Kisi oturuyor, dinlenik halde"
1764262537.263677,50453,100907,normal,"Kisi oturuyor, dinlenik halde"
1764262537.268741,50409,100818,normal,"Kisi oturuyor, dinlenik halde"
1764262537.273804,50363,100727,normal,"Kisi oturuyor, dinlenik halde"
1764262537.2788675,50326,100653,normal,"Kisi oturuyor, dinlenik halde"
1764262537.283932,50285,100570,normal,"Kisi oturuyor, dinlenik halde"
1764262537.2889957,50227,100455,normal,"Kisi oturuyor, dinlenik halde"
1764262537.2940595,50185,100370,normal,"Kisi oturuyor, dinlenik halde"
1764262537.2991233,50150,100301,normal,"Kisi oturuyor, dinlenik halde"
1764262537.3041868,50101,100203,normal,"Kisi oturuyor, dinlenik halde"
1764262537.3092506,50042,100085,normal,"Kisi oturuyor, dinlenik halde"
1764262537.3143141,50002,100005,normal,"Kisi oturuyor, dinlenik halde"
1764262537.319378,49955,99910,normal,"Kisi oturuyor, dinlenik halde"
1764262537.3244414,49899,99799,normal,"Kisi oturuyor, dinlenik halde"
1764262537.3295052,49849,99698,normal,"Kisi oturuyor, dinlenik halde"
1764262537.334569,49829,99659,normal,"Kisi oturuyor, dinlenik halde"
1764262537.3396318,49751,99502,normal,"Kisi oturuyor, dinlenik halde"
1764262537.3446953,49720,99440,normal,"Kisi oturuyor, dinlenik halde"
1764262537.3497596,49664,99328,normal,"Kisi oturuyor, dinlenik halde"
1764262537.354823,49623,99246,normal,"Kisi oturuyor, dinlenik halde"
1764262537.3598866,49596,99192,normal,"Kisi oturuyor, dinlenik halde"
1764262537.3649502,49542,99085,normal,"Kisi oturuyor, dinlenik halde"
1764262537.3700137,49499,98999,normal,"Kisi oturuyor, dinlenik halde"
1764262537.375077,49451,98903,normal,"Kisi oturuyor, dinlenik halde"
1764262537.3801408,49409,98818,normal,"Kisi oturuyor, dinlenik halde"
1764262537.3852053,49371,98743,normal,"Kisi oturuyor, dinlenik halde"
1764262537.390269,49315,98630,normal,"Kisi oturuyor, dinlenik halde"
1764262537.3953323,49300,98600,normal,"Kisi oturuyor, dinlenik halde"
1764262537.4003966,49238,98477,normal,"Kisi oturuyor, dinlenik halde"
1764262537.40546,49213,98426,normal,"Kisi oturuyor, dinlenik halde"
1764262537.410524,49176,98353,normal,"Kisi oturuyor, dinlenik halde"
1764262537.4155872,49143,98286,normal,"Kisi oturuyor, dinlenik halde"
1764262537.420651,49109,98218,normal,"Kisi oturuyor, dinlenik halde"
1764262537.425738,49096,98192,normal,"Kisi oturuyor, dinlenik halde"
1764262537.4308228,49038,98077,normal,"Kisi oturuyor, dinlenik halde"
1764262537.4358876,49016,98033,normal,"Kisi oturuyor, dinlenik halde"
1764262537.440951,48983,97967,normal,"Kisi oturuyor, dinlenik halde"
1764262537.446014,48954,97909,normal,"Kisi oturuyor, dinlenik halde"
1764262537.4510772,48945,97891,normal,"Kisi oturuyor, dinlenik halde"
1764262537.4561403,48896,97792,normal,"Kisi oturuyor, dinlenik halde"
1764262537.461203,48879,97759,normal,"Kisi oturuyor, dinlenik halde"
1764262537.466269,48871,97743,normal,"Kisi oturuyor, dinlenik halde"
1764262537.4713326,48846,97693,normal,"Kisi oturuyor, dinlenik halde"
1764262537.476396,48816,97632,normal,"Kisi oturuyor, dinlenik halde"
1764262537.481529,48820,97640,normal,"Kisi oturuyor, dinlenik halde"
1764262537.486594,48804,97609,normal,"Kisi oturuyor, dinlenik halde"
1764262537.4916568,48792,97585,normal,"Kisi oturuyor, dinlenik halde"
1764262537.4967194,48790,97580,normal,"Kisi oturuyor, dinlenik halde"
1764262537.5017855,48752,97504,normal,"Kisi oturuyor, dinlenik halde"
1764262537.5068495,48762,97524,normal,"Kisi oturuyor, dinlenik halde"
1764262537.5119135,48776,97552,normal,"Kisi oturuyor, dinlenik halde"
1764262537.5169773,48747,97495,normal,"Kisi oturuyor, dinlenik halde"
1764262537.522041,48765,97531,normal,"Kisi oturuyor, dinlenik halde"
1764262537.5271053,48749,97499,normal,"Kisi oturuyor, dinlenik halde"
1764262537.532169,48747,97494,normal,"Kisi oturuyor, dinlenik halde"
1764262537.5372326,48770,97541,normal,"Kisi oturuyor, dinlenik halde"
1764262537.5422971,48757,97515,normal,"Kisi oturuyor, dinlenik halde"
1764262537.5473616,48772,97545,normal,"Kisi oturuyor, dinlenik halde"
1764262537.5524254,48781,97562,normal,"Kisi oturuyor, dinlenik halde"
1764262537.5574892,48767,97534,normal,"Kisi oturuyor, dinlenik halde"
1764262537.5625532,48817,97635,normal,"Kisi oturuyor, dinlenik halde"
1764262537.567617,48797,97595,normal,"Kisi oturuyor, dinlenik halde"
1764262537.572681,48819,97639,normal,"Kisi oturuyor, dinlenik halde"
1764262537.5777447,48851,97702,normal,"Kisi oturuyor, dinlenik halde"
1764262537.5828085,48836,97672,normal,"Kisi oturuyor, dinlenik halde"
1764262537.5878713,48881,97762,normal,"Kisi oturuyor, dinlenik halde"
1764262537.592935,48909,97819,normal,"Kisi oturuyor, dinlenik halde"
1764262537.597999,48917,97834,normal,"Kisi oturuyor, dinlenik halde"
1764262537.6030629,48943,97886,normal,"Kisi oturuyor, dinlenik halde"
1764262537.6081264,48988,97976,normal,"Kisi oturuyor, dinlenik halde"
1764262537.6131902,49005,98010,normal,"Kisi oturuyor, dinlenik halde"
1764262537.6182582,49030,98060,normal,"Kisi oturuyor, dinlenik halde"
1764262537.6233246,49055,98111,normal,"Kisi oturuyor, dinlenik halde"
1764262537.628389,49115,98231,normal,"Kisi oturuyor, dinlenik halde"
1764262537.6334531,49130,98260,normal,"Kisi oturuyor, dinlenik halde"
1764262537.6385164,49159,98318,normal,"Kisi oturuyor, dinlenik halde"
1764262537.6435804,49187,98375,normal,"Kisi oturuyor, dinlenik halde"
1764262537.6486444,49237,98475,normal,"Kisi oturuyor, dinlenik halde"
1764262537.6537085,49278,98556,normal,"Kisi oturuyor, dinlenik halde"
1764262537.6587715,49312,98625,normal,"Kisi oturuyor, dinlenik halde"
1764262537.663836,49355,98710,normal,"Kisi oturuyor, dinlenik halde"
1764262537.6688995,49412,98825,normal,"Kisi oturuyor, dinlenik halde"
1764262537.6739638,49443,98887,normal,"Kisi oturuyor, dinlenik halde"
1764262537.6790276,49471,98942,normal,"Kisi oturuyor, dinlenik halde"
1764262537.6840916,49544,99089,normal,"Kisi oturuyor, dinlenik halde"
1764262537.6891546,49577,99154,normal,"Kisi oturuyor, dinlenik halde"
1764262537.6942184,49601,99202,normal,"Kisi oturuyor, dinlenik halde"
1764262537.6992822,49675,99350,normal,"Kisi oturuyor, dinlenik halde"
1764262537.704346,49699,99399,normal,"Kisi oturuyor, dinlenik halde"
1764262537.7094097,49768,99537,normal,"Kisi oturuyor, dinlenik halde"
1764262537.7144737,49784,99569,normal,"Kisi oturuyor, dinlenik halde"
1764262537.7195375,49842,99684,normal,"Kisi oturuyor, dinlenik halde"
1764262537.7246015,49897,99795,normal,"Kisi oturuyor, dinlenik halde"
1764262537.7296653,49938,99876,normal,"Kisi oturuyor, dinlenik halde"
1764262537.7347288,49995,99991,normal,"Kisi oturuyor, dinlenik halde"
1764262537.7397919,50040,100080,normal,"Kisi oturuyor, dinlenik halde"
1764262537.7448554,50087,100174,normal,"Kisi oturuyor, dinlenik halde"
1764262537.749919,50131,100262,normal,"Kisi oturuyor, dinlenik halde"
1764262537.7549822,50168,100336,normal,"Kisi oturuyor, dinlenik halde"
1764262537.7600465,50218,100437,normal,"Kisi oturuyor, dinlenik halde"
1764262537.7651103,50265,100530,normal,"Kisi oturuyor, dinlenik halde"
1764262537.770174,50319,100639,normal,"Kisi oturuyor, dinlenik halde"
1764262537.7752378,50349,100699,normal,"Kisi oturuyor, dinlenik halde"
1764262537.7803016,50403,100806,normal,"Kisi oturuyor, dinlenik halde"
1764262537.7853825,50438,100877,normal,"Kisi oturuyor, dinlenik halde"
1764262537.790459,50492,100985,normal,"Kisi oturuyor, dinlenik halde"
1764262537.7955246,50538,101077,normal,"Kisi oturuyor, dinlenik halde"
1764262537.8005881,50575,101150,normal,"Kisi oturuyor, dinlenik halde"
1764262537.8056533,50623,101247,normal,"Kisi oturuyor, dinlenik halde"
1764262537.810717,50643,101286,normal,"Kisi oturuyor, dinlenik halde"
1764262537.8157825,50687,101374,normal,"Kisi oturuyor, dinlenik halde"
1764262537.8208473,50748,101497,normal,"Kisi oturuyor, dinlenik halde"
1764262537.825912,50774,101548,normal,"Kisi oturuyor, dinlenik halde"
1764262537.8309758,50811,101623,normal,"Kisi oturuyor, dinlenik halde"
1764262537.83604,50825,101651,normal,"Kisi oturuyor, dinlenik halde"
1764262537.8411033,50880,101760,normal,"Kisi oturuyor, dinlenik halde"
1764262537.8461673,50929,101859,normal,"Kisi oturuyor, dinlenik halde"
1764262537.8512313,50942,101884,normal,"Kisi oturuyor, dinlenik halde"
1764262537.8562946,50961,101923,normal,"Kisi oturuyor, dinlenik halde"
1764262537.8613586,51007,102015,normal,"Kisi oturuyor, dinlenik halde"
1764262537.8664224,51026,102053,normal,"Kisi oturuyor, dinlenik halde"
1764262537.8714864,51060,102121,normal,"Kisi oturuyor, dinlenik halde"
1764262537.8765502,51081,102163,normal,"Kisi oturuyor, dinlenik halde"
1764262537.881614,51096,102193,normal,"Kisi oturuyor, dinlenik halde"
1764262537.8866785,51142,102285,normal,"Kisi oturuyor, dinlenik halde"
1764262537.891742,51148,102296,normal,"Kisi oturuyor, dinlenik halde"
1764262537.8968055,51161,102323,normal,"Kisi oturuyor, dinlenik halde"
1764262537.9018693,51162,102325,normal,"Kisi oturuyor, dinlenik halde"
1764262537.9069333,51203,102407,normal,"Kisi oturuyor, dinlenik halde"
1764262537.9119976,51197,102394,normal,"Kisi oturuyor, dinlenik halde"
1764262537.9170616,51223,102447,normal,"Kisi oturuyor, dinlenik halde"
1764262537.922126,51234,102468,normal,"Kisi oturuyor, dinlenik halde"
1764262537.92719,51250,102501,normal,"Kisi oturuyor, dinlenik halde"
1764262537.9322538,51260,102521,normal,"Kisi oturuyor, dinlenik halde"
1764262537.9373176,51252,102505,normal,"Kisi oturuyor, dinlenik halde"
1764262537.942381,51257,102514,normal,"Kisi oturuyor, dinlenik halde"
1764262537.9474444,51264,102529,normal,"Kisi oturuyor, dinlenik halde"
1764262537.9525082,51246,102492,normal,"Kisi oturuyor, dinlenik halde"
1764262537.9575868,51237,102475,normal,"Kisi oturuyor, dinlenik halde"
1764262537.9626548,51246,102492,normal,"Kisi oturuyor, dinlenik halde"
1764262537.967724,51237,102474,normal,"Kisi oturuyor, dinlenik halde"
1764262537.9727902,51248,102496,normal,"Kisi oturuyor, dinlenik halde"
1764262537.9793289,51225,102450,normal,"Kisi oturuyor, dinlenik halde"
1764262537.984527,51207,102415,normal,"Kisi oturuyor, dinlenik halde"
1764262537.9896111,51193,102387,normal,"Kisi oturuyor, dinlenik halde"
1764262537.9946964,51173,102346,normal,"Kisi oturuyor, dinlenik halde"
1764262537.999773,51174,102349,normal,"Kisi oturuyor, dinlenik halde"
1764262538.0048387,51136,102273,normal,"Kisi oturuyor, dinlenik halde"
1764262538.0099032,51120,102240,normal,"Kisi oturuyor, dinlenik halde"
1764262538.0149739,51112,102225,normal,"Kisi oturuyor, dinlenik halde"
1764262538.020039,51073,102146,normal,"Kisi oturuyor, dinlenik halde"
1764262538.025103,51042,102085,normal,"Kisi oturuyor, dinlenik halde"
1764262538.0301695,51025,102050,normal,"Kisi oturuyor, dinlenik halde"
1764262538.035236,50986,101972,normal,"Kisi oturuyor, dinlenik halde"
1764262538.0403018,50970,101941,normal,"Kisi oturuyor, dinlenik halde"
1764262538.045369,50946,101893,normal,"Kisi oturuyor, dinlenik halde"
1764262538.0504339,50921,101843,normal,"Kisi oturuyor, dinlenik halde"
1764262538.055498,50868,101736,normal,"Kisi oturuyor, dinlenik halde"
1764262538.0605617,50839,101678,normal,"Kisi oturuyor, dinlenik halde"
1764262538.0656254,50791,101583,normal,"Kisi oturuyor, dinlenik halde"
1764262538.070689,50773,101547,normal,"Kisi oturuyor, dinlenik halde"
1764262538.0757525,50729,101459,normal,"Kisi oturuyor, dinlenik halde"
1764262538.0808163,50692,101384,normal,"Kisi oturuyor, dinlenik halde"
1764262538.085881,50672,101345,normal,"Kisi oturuyor, dinlenik halde"
1764262538.090944,50601,101202,normal,"Kisi oturuyor, dinlenik halde"
1764262538.0960076,50562,101124,normal,"Kisi oturuyor, dinlenik halde"
1764262538.1010711,50533,101067,normal,"Kisi oturuyor, dinlenik halde"
1764262538.106135,50481,100962,normal,"Kisi oturuyor, dinlenik halde"
1764262538.1111984,50433,100866,normal,"Kisi oturuyor, dinlenik halde"
1764262538.1162622,50405,100810,normal,"Kisi oturuyor, dinlenik halde"
1764262538.1213255,50352,100704,normal,"Kisi oturuyor, dinlenik halde"
1764262538.126389,50313,100627,normal,"Kisi oturuyor, dinlenik halde"
1764262538.1314518,50258,100516,normal,"Kisi oturuyor, dinlenik halde"
1764262538.1365461,50242,100485,normal,"Kisi oturuyor, dinlenik halde"
1764262538.1416252,50168,100336,normal,"Kisi oturuyor, dinlenik halde"
1764262538.1466923,50127,100255,normal,"Kisi oturuyor, dinlenik halde"
1764262538.151756,50087,100174,normal,"Kisi oturuyor, dinlenik halde"
1764262538.1568189,50042,100085,normal,"Kisi oturuyor, dinlenik halde"
1764262538.1618872,49988,99977,normal,"Kisi oturuyor, dinlenik halde"
1764262538.1669524,49937,99874,normal,"Kisi oturuyor, dinlenik halde"
1764262538.172017,49889,99778,normal,"Kisi oturuyor, dinlenik halde"
1764262538.1770816,49829,99659,normal,"Kisi oturuyor, dinlenik halde"
1764262538.1821454,49793,99587,normal,"Kisi oturuyor, dinlenik halde"
1764262538.1872091,49752,99504,normal,"Kisi oturuyor, dinlenik halde"
1764262538.1922724,49703,99406,normal,"Kisi oturuyor, dinlenik halde"
1764262538.197337,49649,99298,normal,"Kisi oturuyor, dinlenik halde"
1764262538.2024004,49605,99211,normal,"Kisi oturuyor, dinlenik halde"
1764262538.2074647,49572,99144,normal,"Kisi oturuyor, dinlenik halde"
1764262538.2125287,49536,99073,normal,"Kisi oturuyor, dinlenik halde"
1764262538.2175932,49473,98947,normal,"Kisi oturuyor, dinlenik halde"
1764262538.222657,49423,98846,normal,"Kisi oturuyor, dinlenik halde"
1764262538.2277207,49411,98823,normal,"Kisi oturuyor, dinlenik halde"
1764262538.2327838,49375,98751,normal,"Kisi oturuyor, dinlenik halde"
1764262538.237848,49315,98630,normal,"Kisi oturuyor, dinlenik halde"
1764262538.2429118,49284,98568,normal,"Kisi oturuyor, dinlenik halde"
1764262538.2479758,49233,98467,normal,"Kisi oturuyor, dinlenik halde"
1764262538.2530394,49220,98441,normal,"Kisi oturuyor, dinlenik halde"
1764262538.258103,49171,98343,normal,"Kisi oturuyor, dinlenik halde"
1764262538.2631664,49132,98264,normal,"Kisi oturuyor, dinlenik halde"
1764262538.2682295,49089,98179,normal,"Kisi oturuyor, dinlenik halde"
1764262538.2732933,49075,98151,normal,"Kisi oturuyor, dinlenik halde"
1764262538.278358,49036,98072,normal,"Kisi oturuyor, dinlenik halde"
1764262538.2834213,49001,98002,normal,"Kisi oturuyor, dinlenik halde"
1764262538.288485,48964,97928,normal,"Kisi oturuyor, dinlenik halde"
1764262538.2935483,48954,97908,normal,"Kisi oturuyor, dinlenik halde"
1764262538.2986128,48928,97857,normal,"Kisi oturuyor, dinlenik halde"
1764262538.303676,48918,97837,normal,"Kisi oturuyor, dinlenik halde"
1764262538.3087397,48874,97749,normal,"Kisi oturuyor, dinlenik halde"
1764262538.3138115,48883,97766,normal,"Kisi oturuyor, dinlenik halde"
1764262538.3188784,48842,97685,normal,"Kisi oturuyor, dinlenik halde"
1764262538.3239427,48832,97665,normal,"Kisi oturuyor, dinlenik halde"
1764262538.3290064,48784,97568,normal,"Kisi oturuyor, dinlenik halde"
1764262538.33407,48787,97574,normal,"Kisi oturuyor, dinlenik halde"
1764262538.339134,48796,97592,normal,"Kisi oturuyor, dinlenik halde"
1764262538.3441978,48779,97558,normal,"Kisi oturuyor, dinlenik halde"
1764262538.3492615,48770,97540,normal,"Kisi oturuyor, dinlenik halde"
1764262538.3543253,48753,97506,normal,"Kisi oturuyor, dinlenik halde"
1764262538.359389,48769,97539,normal,"Kisi oturuyor, dinlenik halde"
1764262538.3644524,48750,97501,normal,"Kisi oturuyor, dinlenik halde"
1764262538.3695166,48753,97507,normal,"Kisi oturuyor, dinlenik halde"
1764262538.3745806,48750,97501,normal,"Kisi oturuyor, dinlenik halde"
1764262538.3796444,48756,97512,normal,"Kisi oturuyor, dinlenik halde"
1764262538.384712,48739,97479,normal,"Kisi oturuyor, dinlenik halde"
1764262538.3897789,48752,97505,normal,"Kisi oturuyor, dinlenik halde"
1764262538.3948421,48774,97549,normal,"Kisi oturuyor, dinlenik halde"
1764262538.3999057,48774,97549,normal,"Kisi oturuyor, dinlenik halde"
1764262538.4049692,48805,97611,normal,"Kisi oturuyor, dinlenik halde"
1764262538.4100335,48805,97611,normal,"Kisi oturuyor, dinlenik halde"
1764262538.4150972,48816,97632,normal,"Kisi oturuyor, dinlenik halde"
1764262538.4201608,48819,97638,normal,"Kisi oturuyor, dinlenik halde"
1764262538.425235,48852,97705,normal,"Kisi oturuyor, dinlenik halde"
1764262538.4303267,48892,97784,normal,"Kisi oturuyor, dinlenik halde"
1764262538.4354036,48879,97758,normal,"Kisi oturuyor, dinlenik halde"
1764262538.4404702,48883,97767,normal,"Kisi oturuyor, dinlenik halde"
1764262538.445535,48954,97908,normal,"Kisi oturuyor, dinlenik halde"
1764262538.4506004,48965,97930,normal,"Kisi oturuyor, dinlenik halde"
1764262538.4556665,49010,98020,normal,"Kisi oturuyor, dinlenik halde"
1764262538.4607298,49003,98006,normal,"Kisi oturuyor, dinlenik halde"
1764262538.4657946,49033,98067,normal,"Kisi oturuyor, dinlenik halde"
1764262538.4708588,49077,98155,normal,"Kisi oturuyor, dinlenik halde"
1764262538.4759214,49111,98222,normal,"Kisi oturuyor, dinlenik halde"
1764262538.4809856,49136,98273,normal,"Kisi oturuyor, dinlenik halde"
1764262538.4860513,49187,98374,normal,"Kisi oturuyor, dinlenik halde"
1764262538.4911184,49216,98432,normal,"Kisi oturuyor, dinlenik halde"
1764262538.496214,49260,98520,normal,"Kisi oturuyor, dinlenik halde"
1764262538.5012858,49289,98579,normal,"Kisi oturuyor, dinlenik halde"
1764262538.5063586,49328,98656,normal,"Kisi oturuyor, dinlenik halde"
1764262538.5114288,49373,98747,normal,"Kisi oturuyor, dinlenik halde"
1764262538.5164924,49415,98830,normal,"Kisi oturuyor, dinlenik halde"
1764262538.5215542,49482,98965,normal,"Kisi oturuyor, dinlenik halde"
1764262538.526622,49491,98982,normal,"Kisi oturuyor, dinlenik halde"
1764262538.5316885,49537,99075,normal,"Kisi oturuyor, dinlenik halde"
1764262538.5367527,49580,99161,normal,"Kisi oturuyor, dinlenik halde"
1764262538.541818,49608,99217,normal,"Kisi oturuyor, dinlenik halde"
1764262538.5468824,49674,99348,normal,"Kisi oturuyor, dinlenik halde"
1764262538.5519462,49715,99431,normal,"Kisi oturuyor, dinlenik halde"
1764262538.55701,49765,99531,normal,"Kisi oturuyor, dinlenik halde"
1764262538.5620737,49809,99619,normal,"Kisi oturuyor, dinlenik halde"
1764262538.567138,49867,99734,normal,"Kisi oturuyor, dinlenik halde"
1764262538.5722005,49903,99807,normal,"Kisi oturuyor, dinlenik halde"
1764262538.5772655,49943,99886,normal,"Kisi oturuyor, dinlenik halde"
1764262538.5823305,49986,99972,normal,"Kisi oturuyor, dinlenik halde"
1764262538.5873942,50052,100105,normal,"Kisi oturuyor, dinlenik halde"
1764262538.5924563,50119,100238,normal,"Kisi oturuyor, dinlenik halde"
1764262538.5975199,50146,100292,normal,"Kisi oturuyor, dinlenik halde"
1764262538.6025841,50197,100395,normal,"Kisi oturuyor, dinlenik halde"
1764262538.607647,50227,100455,normal,"Kisi oturuyor, dinlenik halde"
1764262538.6127112,50267,100535,normal,"Kisi oturuyor, dinlenik halde"
1764262538.6177752,50330,100661,normal,"Kisi oturuyor, dinlenik halde"
1764262538.6228387,50382,100764,normal,"Kisi oturuyor, dinlenik halde"
1764262538.6279025,50415,100831,normal,"Kisi oturuyor, dinlenik halde"
1764262538.632966,50477,100955,normal,"Kisi oturuyor, dinlenik halde"
1764262538.6380303,50525,101050,normal,"Kisi oturuyor, dinlenik halde"
1764262538.6430943,50542,101084,normal,"Kisi oturuyor, dinlenik halde"
1764262538.6481576,50566,101133,normal,"Kisi oturuyor, dinlenik halde"
1764262538.6532214,50633,101267,normal,"Kisi oturuyor, dinlenik halde"
1764262538.6582851,50672,101345,normal,"Kisi oturuyor, dinlenik halde"
1764262538.6633487,50710,101421,normal,"Kisi oturuyor, dinlenik halde"
1764262538.6684124,50742,101485,normal,"Kisi oturuyor, dinlenik halde"
1764262538.6734767,50796,101592,normal,"Kisi oturuyor, dinlenik halde"
1764262538.6785405,50791,101583,normal,"Kisi oturuyor, dinlenik halde"
1764262538.6836052,50876,101752,normal,"Kisi oturuyor, dinlenik halde"
1764262538.68867,50890,101781,normal,"Kisi oturuyor, dinlenik halde"
1764262538.6937335,50917,101835,normal,"Kisi oturuyor, dinlenik halde"
1764262538.6987972,50954,101909,normal,"Kisi oturuyor, dinlenik halde"
1764262538.7038615,50968,101937,normal,"Kisi oturuyor, dinlenik halde"
1764262538.7089252,51022,102044,normal,"Kisi oturuyor, dinlenik halde"
1764262538.7139885,51043,102087,normal,"Kisi oturuyor, dinlenik halde"
1764262538.7190526,51071,102143,normal,"Kisi oturuyor, dinlenik halde"
1764262538.7241163,51100,102200,normal,"Kisi oturuyor, dinlenik halde"
1764262538.72918,51092,102185,normal,"Kisi oturuyor, dinlenik halde"
1764262538.7342436,51138,102276,normal,"Kisi oturuyor, dinlenik halde"
1764262538.7393079,51144,102288,normal,"Kisi oturuyor, dinlenik halde"
1764262538.7443717,51156,102312,normal,"Kisi oturuyor, dinlenik halde"
1764262538.7494352,51210,102421,normal,"Kisi oturuyor, dinlenik halde"
1764262538.754499,51185,102370,normal,"Kisi oturuyor, dinlenik halde"
1764262538.7595627,51224,102449,normal,"Kisi oturuyor, dinlenik halde"
1764262538.7646267,51212,102425,normal,"Kisi oturuyor, dinlenik halde"
1764262538.7696905,51234,102468,normal,"Kisi oturuyor, dinlenik halde"
1764262538.7747552,51233,102467,normal,"Kisi oturuyor, dinlenik halde"
1764262538.779819,51227,102454,normal,"Kisi oturuyor, dinlenik halde"
1764262538.7848833,51231,102462,normal,"Kisi oturuyor, dinlenik halde"
1764262538.7899456,51246,102493,normal,"Kisi oturuyor, dinlenik halde"
1764262538.7950099,51225,102451,normal,"Kisi oturuyor, dinlenik halde"
1764262538.800073,51258,102516,normal,"Kisi oturuyor, dinlenik halde"
1764262538.8051367,51259,102519,normal,"Kisi oturuyor, dinlenik halde"
1764262538.8102,51235,102470,normal,"Kisi oturuyor, dinlenik halde"
1764262538.815264,51229,102459,normal,"Kisi oturuyor, dinlenik halde"
1764262538.8203263,51233,102466,normal,"Kisi oturuyor, dinlenik halde"
1764262538.82539,51211,102422,normal,"Kisi oturuyor, dinlenik halde"
1764262538.8304577,51198,102396,normal,"Kisi oturuyor, dinlenik halde"
1764262538.8355215,51169,102339,normal,"Kisi oturuyor, dinlenik halde"
1764262538.840585,51177,102354,normal,"Kisi oturuyor, dinlenik halde"
1764262538.8456578,51137,102274,normal,"Kisi oturuyor, dinlenik halde"
1764262538.8507233,51162,102324,normal,"Kisi oturuyor, dinlenik halde"
1764262538.8557866,51108,102217,normal,"Kisi oturuyor, dinlenik halde"
1764262538.860992,51076,102153,normal,"Kisi oturuyor, dinlenik halde"
1764262538.8660586,51084,102168,normal,"Kisi oturuyor, dinlenik halde"
1764262538.8711224,51061,102123,normal,"Kisi oturuyor, dinlenik halde"
1764262538.8761857,51016,102033,normal,"Kisi oturuyor, dinlenik halde"
1764262538.8812501,50991,101983,normal,"Kisi oturuyor, dinlenik halde"
1764262538.8863142,50946,101892,normal,"Kisi oturuyor, dinlenik halde"
1764262538.8913777,50917,101835,normal,"Kisi oturuyor, dinlenik halde"
1764262538.896442,50914,101829,normal,"Kisi oturuyor, dinlenik halde"
1764262538.9015055,50871,101743,normal,"Kisi oturuyor, dinlenik halde"
1764262538.9065692,50823,101646,normal,"Kisi oturuyor, dinlenik halde"
1764262538.911633,50788,101577,normal,"Kisi oturuyor, dinlenik halde"
1764262538.9166968,50754,101509,normal,"Kisi oturuyor, dinlenik halde"
1764262538.9217606,50718,101436,normal,"Kisi oturuyor, dinlenik halde"
1764262538.9268248,50689,101378,normal,"Kisi oturuyor, dinlenik halde"
1764262538.9318888,50639,101278,normal,"Kisi oturuyor, dinlenik halde"
1764262538.9369524,50596,101193,normal,"Kisi oturuyor, dinlenik halde"
1764262538.9420142,50553,101107,normal,"Kisi oturuyor, dinlenik halde"
1764262538.9470756,50539,101079,normal,"Kisi oturuyor, dinlenik halde"
1764262538.952136,50467,100934,normal,"Kisi oturuyor, dinlenik halde"
1764262538.9571996,50423,100847,normal,"Kisi oturuyor, dinlenik halde"
1764262538.962264,50381,100762,normal,"Kisi oturuyor, dinlenik halde"
1764262538.9673278,50328,100657,normal,"Kisi oturuyor, dinlenik halde"
1764262538.972416,50306,100612,normal,"Kisi oturuyor, dinlenik halde"
1764262538.9774985,50254,100509,normal,"Kisi oturuyor, dinlenik halde"
1764262538.9826038,50194,100389,normal,"Kisi oturuyor, dinlenik halde"
1764262538.987694,50149,100298,normal,"Kisi oturuyor, dinlenik halde"
1764262538.9927647,50118,100236,normal,"Kisi oturuyor, dinlenik halde"
1764262538.9978397,50059,100118,normal,"Kisi oturuyor, dinlenik halde"
1764262539.002906,50018,100036,normal,"Kisi oturuyor, dinlenik halde"
1764262539.0079713,49972,99945,normal,"Kisi oturuyor, dinlenik halde"
1764262539.0130386,49919,99838,normal,"Kisi oturuyor, dinlenik halde"
1764262539.0181048,49892,99785,normal,"Kisi oturuyor, dinlenik halde"
1764262539.0231693,49828,99656,normal,"Kisi oturuyor, dinlenik halde"
1764262539.0282347,49762,99525,normal,"Kisi oturuyor, dinlenik halde"
1764262539.033318,49735,99470,normal,"Kisi oturuyor, dinlenik halde"
1764262539.0383825,49684,99368,normal,"Kisi oturuyor, dinlenik halde"
1764262539.043447,49633,99267,normal,"Kisi oturuyor, dinlenik halde"
1764262539.048511,49592,99185,normal,"Kisi oturuyor, dinlenik halde"
1764262539.0535743,49544,99089,normal,"Kisi oturuyor, dinlenik halde"
1764262539.0586383,49510,99021,normal,"Kisi oturuyor, dinlenik halde"
1764262539.063702,49486,98972,normal,"Kisi oturuyor, dinlenik halde"
1764262539.0687656,49432,98864,normal,"Kisi oturuyor, dinlenik halde"
1764262539.0738292,49369,98739,normal,"Kisi oturuyor, dinlenik halde"
1764262539.0788925,49347,98694,normal,"Kisi oturuyor, dinlenik halde"
1764262539.0839558,49296,98593,normal,"Kisi oturuyor, dinlenik halde"
1764262539.0890195,49267,98534,normal,"Kisi oturuyor, dinlenik halde"
1764262539.0940838,49208,98417,normal,"Kisi oturuyor, dinlenik halde"
1764262539.0991476,49191,98383,normal,"Kisi oturuyor, dinlenik halde"
1764262539.1042104,49156,98313,normal,"Kisi oturuyor, dinlenik halde"
1764262539.109279,49129,98259,normal,"Kisi oturuyor, dinlenik halde"
1764262539.1143498,49083,98167,normal,"Kisi oturuyor, dinlenik halde"
1764262539.1194174,49060,98121,normal,"Kisi oturuyor, dinlenik halde"
1764262539.1244814,49033,98066,normal,"Kisi oturuyor, dinlenik halde"
1764262539.1295455,49002,98005,normal,"Kisi oturuyor, dinlenik halde"
1764262539.1346102,48973,97947,normal,"Kisi oturuyor, dinlenik halde"
1764262539.1396894,48955,97910,normal,"Kisi oturuyor, dinlenik halde"
1764262539.144758,48913,97827,normal,"Kisi oturuyor, dinlenik halde"
1764262539.1498234,48898,97796,normal,"Kisi oturuyor, dinlenik halde"
1764262539.1548877,48884,97769,normal,"Kisi oturuyor, dinlenik halde"
1764262539.1599517,48853,97707,normal,"Kisi oturuyor, dinlenik halde"
1764262539.1650193,48840,97680,normal,"Kisi oturuyor, dinlenik halde"
1764262539.1700833,48825,97650,normal,"Kisi oturuyor, dinlenik halde"
1764262539.175147,48798,97596,normal,"Kisi oturuyor, dinlenik halde"
1764262539.1802115,48794,97588,normal,"Kisi oturuyor, dinlenik halde"
1764262539.185275,48783,97567,normal,"Kisi oturuyor, dinlenik halde"
1764262539.1903489,48764,97529,normal,"Kisi oturuyor, dinlenik halde"
1764262539.195426,48761,97523,normal,"Kisi oturuyor, dinlenik halde"
1764262539.2004993,48761,97522,normal,"Kisi oturuyor, dinlenik halde"
1764262539.2055714,48739,97479,normal,"Kisi oturuyor, dinlenik halde"
1764262539.2106447,48766,97533,normal,"Kisi oturuyor, dinlenik halde"
1764262539.2157176,48747,97495,normal,"Kisi oturuyor, dinlenik halde"
1764262539.2207909,48754,97509,normal,"Kisi oturuyor, dinlenik halde"
1764262539.2258637,48747,97495,normal,"Kisi oturuyor, dinlenik halde"
1764262539.2309365,48760,97520,normal,"Kisi oturuyor, dinlenik halde"
1764262539.2360108,48774,97548,normal,"Kisi oturuyor, dinlenik halde"
1764262539.2410836,48778,97557,normal,"Kisi oturuyor, dinlenik halde"
1764262539.2461574,48791,97582,normal,"Kisi oturuyor, dinlenik halde"
1764262539.2512302,48793,97586,normal,"Kisi oturuyor, dinlenik halde"
1764262539.2563026,48810,97620,normal,"Kisi oturuyor, dinlenik halde"
1764262539.2613752,48813,97627,normal,"Kisi oturuyor, dinlenik halde"
1764262539.2664478,48840,97680,normal,"Kisi oturuyor, dinlenik halde"
1764262539.2715206,48853,97707,normal,"Kisi oturuyor, dinlenik halde"
1764262539.276594,48877,97755,normal,"Kisi oturuyor, dinlenik halde"
1764262539.2816656,48898,97796,normal,"Kisi oturuyor, dinlenik halde"
1764262539.2867763,48925,97851,normal,"Kisi oturuyor, dinlenik halde"
1764262539.2918606,48934,97869,normal,"Kisi oturuyor, dinlenik halde"
1764262539.2969477,48950,97901,normal,"Kisi oturuyor, dinlenik halde"
1764262539.3020325,48994,97989,normal,"Kisi oturuyor, dinlenik halde"
1764262539.3071167,49003,98007,normal,"Kisi oturuyor, dinlenik halde"
1764262539.312202,49067,98134,normal,"Kisi oturuyor, dinlenik halde"
1764262539.3172872,49076,98153,normal,"Kisi oturuyor, dinlenik halde"
1764262539.3223698,49136,98272,normal,"Kisi oturuyor, dinlenik halde"
1764262539.327452,49152,98305,normal,"Kisi oturuyor, dinlenik halde"
1764262539.3325348,49184,98368,normal,"Kisi oturuyor, dinlenik halde"
1764262539.33762,49233,98466,normal,"Kisi oturuyor, dinlenik halde"
1764262539.3427057,49277,98555,normal,"Kisi oturuyor, dinlenik halde"
1764262539.3477905,49289,98578,normal,"Kisi oturuyor, dinlenik halde"
1764262539.352875,49348,98696,normal,"Kisi oturuyor, dinlenik halde"
1764262539.3579586,49363,98726,normal,"Kisi oturuyor, dinlenik halde"
1764262539.363043,49414,98828,normal,"Kisi oturuyor, dinlenik halde"
1764262539.3681276,49470,98940,normal,"Kisi oturuyor, dinlenik halde"
1764262539.3732116,49526,99053,normal,"Kisi oturuyor, dinlenik halde"
1764262539.3782969,49547,99095,normal,"Kisi oturuyor, dinlenik halde"
1764262539.38338,49588,99176,normal,"Kisi oturuyor, dinlenik halde"
1764262539.3884888,49632,99264,normal,"Kisi oturuyor, dinlenik halde"
1764262539.3935757,49697,99395,normal,"Kisi oturuyor, dinlenik halde"
1764262539.3986602,49733,99466,normal,"Kisi oturuyor, dinlenik halde"
1764262539.4037447,49769,99538,normal,"Kisi oturuyor, dinlenik halde"
1764262539.4088292,49825,99650,normal,"Kisi oturuyor, dinlenik halde"
1764262539.4139144,49869,99739,normal,"Kisi oturuyor, dinlenik halde"
1764262539.4189987,49913,99827,normal,"Kisi oturuyor, dinlenik halde"
1764262539.4241033,49994,99988,normal,"Kisi oturuyor, dinlenik halde"
1764262539.429222,50006,100013,normal,"Kisi oturuyor, dinlenik halde"
1764262539.434354,50063,100127,normal,"Kisi oturuyor, dinlenik halde"
1764262539.439449,50092,100185,normal,"Kisi oturuyor, dinlenik halde"
1764262539.4447699,50178,100356,normal,"Kisi oturuyor, dinlenik halde"
1764262539.4498675,50193,100387,normal,"Kisi oturuyor, dinlenik halde"
1764262539.4549584,50236,100473,normal,"Kisi oturuyor, dinlenik halde"
1764262539.4600503,50301,100602,normal,"Kisi oturuyor, dinlenik halde"
1764262539.4651337,50349,100698,normal,"Kisi oturuyor, dinlenik halde"
1764262539.4702125,50381,100762,normal,"Kisi oturuyor, dinlenik halde"
1764262539.4752924,50448,100897,normal,"Kisi oturuyor, dinlenik halde"
1764262539.4803715,50476,100953,normal,"Kisi oturuyor, dinlenik halde"
1764262539.485452,50530,101061,normal,"Kisi oturuyor, dinlenik halde"
1764262539.490538,50549,101099,normal,"Kisi oturuyor, dinlenik halde"
1764262539.4956245,50595,101190,normal,"Kisi oturuyor, dinlenik halde"
1764262539.5007102,50656,101312,normal,"Kisi oturuyor, dinlenik halde"
1764262539.5057948,50688,101377,normal,"Kisi oturuyor, dinlenik halde"
1764262539.5108786,50725,101451,normal,"Kisi oturuyor, dinlenik halde"
1764262539.515965,50764,101528,normal,"Kisi oturuyor, dinlenik halde"
1764262539.5210497,50791,101582,normal,"Kisi oturuyor, dinlenik halde"
1764262539.5261345,50842,101684,normal,"Kisi oturuyor, dinlenik halde"
1764262539.5312192,50868,101737,normal,"Kisi oturuyor, dinlenik halde"
1764262539.5363033,50904,101808,normal,"Kisi oturuyor, dinlenik halde"
1764262539.541388,50942,101884,normal,"Kisi oturuyor, dinlenik halde"
1764262539.5464709,50972,101944,normal,"Kisi oturuyor, dinlenik halde"
1764262539.5515556,50981,101962,normal,"Kisi oturuyor, dinlenik halde"
1764262539.5566406,51019,102038,normal,"Kisi oturuyor, dinlenik halde"
1764262539.5617244,51046,102092,normal,"Kisi oturuyor, dinlenik halde"
1764262539.5668092,51082,102165,normal,"Kisi oturuyor, dinlenik halde"
1764262539.5718937,51087,102174,normal,"Kisi oturuyor, dinlenik halde"
1764262539.576978,51120,102240,normal,"Kisi oturuyor, dinlenik halde"
1764262539.5820634,51129,102258,normal,"Kisi oturuyor, dinlenik halde"
1764262539.5871477,51170,102341,normal,"Kisi oturuyor, dinlenik halde"
1764262539.5922415,51163,102326,normal,"Kisi oturuyor, dinlenik halde"
1764262539.5973265,51179,102358,normal,"Kisi oturuyor, dinlenik halde"
1764262539.6024113,51194,102388,normal,"Kisi oturuyor, dinlenik halde"
1764262539.6074958,51213,102427,normal,"Kisi oturuyor, dinlenik halde"
1764262539.6125798,51217,102435,normal,"Kisi oturuyor, dinlenik halde"
1764262539.6176646,51226,102453,normal,"Kisi oturuyor, dinlenik halde"
1764262539.6227486,51224,102449,normal,"Kisi oturuyor, dinlenik halde"
1764262539.627833,51244,102489,normal,"Kisi oturuyor, dinlenik halde"
1764262539.632917,51259,102518,normal,"Kisi oturuyor, dinlenik halde"
1764262539.6380014,51257,102515,normal,"Kisi oturuyor, dinlenik halde"
1764262539.6430855,51270,102541,normal,"Kisi oturuyor, dinlenik halde"
1764262539.6481695,51248,102496,normal,"Kisi oturuyor, dinlenik halde"
1764262539.6532538,51245,102491,normal,"Kisi oturuyor, dinlenik halde"
1764262539.6583378,51248,102497,normal,"Kisi oturuyor, dinlenik halde"
1764262539.6634207,51229,102459,normal,"Kisi oturuyor, dinlenik halde"
1764262539.6685052,51219,102439,normal,"Kisi oturuyor, dinlenik halde"
1764262539.6735895,51218,102437,normal,"Kisi oturuyor, dinlenik halde"
1764262539.6786733,51190,102381,normal,"Kisi oturuyor, dinlenik halde"
1764262539.6837585,51182,102365,normal,"Kisi oturuyor, dinlenik halde"
1764262539.6888437,51186,102372,normal,"Kisi oturuyor, dinlenik halde"
1764262539.6939485,51144,102289,normal,"Kisi oturuyor, dinlenik halde"
1764262539.6990337,51120,102240,normal,"Kisi oturuyor, dinlenik halde"
1764262539.704118,51104,102208,normal,"Kisi oturuyor, dinlenik halde"
1764262539.7092,51084,102169,normal,"Kisi oturuyor, dinlenik halde"
1764262539.7142808,51070,102141,normal,"Kisi oturuyor, dinlenik halde"
1764262539.7193658,51046,102092,normal,"Kisi oturuyor, dinlenik halde"
1764262539.7244503,51017,102035,normal,"Kisi oturuyor, dinlenik halde"
1764262539.7295346,50977,101955,normal,"Kisi oturuyor, dinlenik halde"
1764262539.7346191,50947,101895,normal,"Kisi oturuyor, dinlenik halde"
1764262539.739703,50907,101814,normal,"Kisi oturuyor, dinlenik halde"
1764262539.7447875,50891,101782,normal,"Kisi oturuyor, dinlenik halde"
1764262539.749872,50883,101766,normal,"Kisi oturuyor, dinlenik halde"
1764262539.754956,50817,101634,normal,"Kisi oturuyor, dinlenik halde"
1764262539.76004,50775,101550,normal,"Kisi oturuyor, dinlenik halde"
1764262539.765123,50746,101492,normal,"Kisi oturuyor, dinlenik halde"
1764262539.7702074,50686,101372,normal,"Kisi oturuyor, dinlenik halde"
1764262539.7752917,50665,101330,normal,"Kisi oturuyor, dinlenik halde"
1764262539.7803755,50643,101287,normal,"Kisi oturuyor, dinlenik halde"
1764262539.7863827,50582,101164,normal,"Kisi oturuyor, dinlenik halde"
1764262539.7915146,50549,101099,normal,"Kisi oturuyor, dinlenik halde"
1764262539.7966878,50501,101002,normal,"Kisi oturuyor, dinlenik halde"
1764262539.8017983,50463,100927,normal,"Kisi oturuyor, dinlenik halde"
1764262539.8068824,50421,100843,normal,"Kisi oturuyor, dinlenik halde"
1764262539.811958,50362,100725,normal,"Kisi oturuyor, dinlenik halde"
1764262539.8170373,50326,100652,normal,"Kisi oturuyor, dinlenik halde"
1764262539.822117,50275,100551,normal,"Kisi oturuyor, dinlenik halde"
1764262539.827199,50232,100465,normal,"Kisi oturuyor, dinlenik halde"
1764262539.8322785,50179,100358,normal,"Kisi oturuyor, dinlenik halde"
1764262539.837359,50127,100255,normal,"Kisi oturuyor, dinlenik halde"
1764262539.8424392,50080,100160,normal,"Kisi oturuyor, dinlenik halde"
1764262539.847519,50067,100135,normal,"Kisi oturuyor, dinlenik halde"
1764262539.8525982,50006,100013,normal,"Kisi oturuyor, dinlenik halde"
1764262539.8576796,49952,99905,normal,"Kisi oturuyor, dinlenik halde"
1764262539.8627596,49918,99836,normal,"Kisi oturuyor, dinlenik halde"
1764262539.8678405,49863,99726,normal,"Kisi oturuyor, dinlenik halde"
1764262539.8729203,49799,99598,normal,"Kisi oturuyor, dinlenik halde"
1764262539.8780012,49775,99551,normal,"Kisi oturuyor, dinlenik halde"
1764262539.883081,49724,99448,normal,"Kisi oturuyor, dinlenik halde"
1764262539.8881602,49687,99375,normal,"Kisi oturuyor, dinlenik halde"
1764262539.8932397,49622,99245,normal,"Kisi oturuyor, dinlenik halde"
1764262539.8983216,49571,99143,normal,"Kisi oturuyor, dinlenik halde"
1764262539.9034321,49523,99047,normal,"Kisi oturuyor, dinlenik halde"
1764262539.9085283,49495,98991,normal,"Kisi oturuyor, dinlenik halde"
1764262539.9136138,49453,98906,normal,"Kisi oturuyor, dinlenik halde"
1764262539.9186985,49433,98866,normal,"Kisi oturuyor, dinlenik halde"
1764262539.9237835,49370,98741,normal,"Kisi oturuyor, dinlenik halde"
1764262539.9288683,49325,98651,normal,"Kisi oturuyor, dinlenik halde"
1764262539.933953,49311,98622,normal,"Kisi oturuyor, dinlenik halde"
1764262539.9390383,49253,98507,normal,"Kisi oturuyor, dinlenik halde"
1764262539.9441228,49219,98438,normal,"Kisi oturuyor, dinlenik halde"
1764262539.949207,49172,98345,normal,"Kisi oturuyor, dinlenik halde"
1764262539.9542918,49128,98257,normal,"Kisi oturuyor, dinlenik halde"
1764262539.9593763,49123,98246,normal,"Kisi oturuyor, dinlenik halde"
1764262539.964461,49076,98153,normal,"Kisi oturuyor, dinlenik halde"
1764262539.969546,49044,98089,normal,"Kisi oturuyor, dinlenik halde"
1764262539.9746318,49031,98063,normal,"Kisi oturuyor, dinlenik halde"
1764262539.9797528,48983,97967,normal,"Kisi oturuyor, dinlenik halde"
1764262539.9849355,48972,97945,normal,"Kisi oturuyor, dinlenik halde"
1764262539.9900684,48939,97879,normal,"Kisi oturuyor, dinlenik halde"
1764262539.99521,48912,97825,normal,"Kisi oturuyor, dinlenik halde"
1764262540.0004117,48886,97773,normal,"Kisi oturuyor, dinlenik halde"
1764262540.0054982,48860,97721,normal,"Kisi oturuyor, dinlenik halde"
1764262540.010583,48831,97662,normal,"Kisi oturuyor, dinlenik halde"
1764262540.0156717,48831,97663,normal,"Kisi oturuyor, dinlenik halde"
1764262540.0207527,48817,97635,normal,"Kisi oturuyor, dinlenik halde"
1764262540.0258348,48786,97573,normal,"Kisi oturuyor, dinlenik halde"
1764262540.0309222,48792,97584,normal,"Kisi oturuyor, dinlenik halde"
1764262540.0360034,48764,97528,normal,"Kisi oturuyor, dinlenik halde"
1764262540.0410888,48777,97555,normal,"Kisi oturuyor, dinlenik halde"
1764262540.046169,48754,97509,normal,"Kisi oturuyor, dinlenik halde"
1764262540.0512476,48746,97492,normal,"Kisi oturuyor, dinlenik halde"
1764262540.056325,48752,97505,normal,"Kisi oturuyor, dinlenik halde"
1764262540.0614028,48764,97529,normal,"Kisi oturuyor, dinlenik halde"
1764262540.0664837,48748,97497,normal,"Kisi oturuyor, dinlenik halde"
1764262540.0715637,48738,97476,normal,"Kisi oturuyor, dinlenik halde"
1764262540.0766432,48735,97471,normal,"Kisi oturuyor, dinlenik halde"
1764262540.081723,48764,97528,normal,"Kisi oturuyor, dinlenik halde"
1764262540.0868046,48770,97541,normal,"Kisi oturuyor, dinlenik halde"
1764262540.0918834,48770,97540,normal,"Kisi oturuyor, dinlenik halde"
1764262540.0969634,48753,97507,normal,"Kisi oturuyor, dinlenik halde"
1764262540.1021104,48801,97602,normal,"Kisi oturuyor, dinlenik halde"
1764262540.1071944,48802,97604,normal,"Kisi oturuyor, dinlenik halde"
1764262540.11228,48820,97641,normal,"Kisi oturuyor, dinlenik halde"
1764262540.1173644,48853,97706,normal,"Kisi oturuyor, dinlenik halde"
1764262540.12245,48869,97738,normal,"Kisi oturuyor, dinlenik halde"
1764262540.1275349,48889,97778,normal,"Kisi oturuyor, dinlenik halde"
1764262540.1326196,48893,97786,normal,"Kisi oturuyor, dinlenik halde"
1764262540.1377056,48912,97824,normal,"Kisi oturuyor, dinlenik halde"
1764262540.1427915,48946,97892,normal,"Kisi oturuyor, dinlenik halde"
1764262540.1478999,48962,97924,normal,"Kisi oturuyor, dinlenik halde"
1764262540.15299,49010,98020,normal,"Kisi oturuyor, dinlenik halde"
1764262540.1580765,49034,98068,normal,"Kisi oturuyor, dinlenik halde"
1764262540.1631687,49052,98104,normal,"Kisi oturuyor, dinlenik halde"
1764262540.168255,49116,98233,normal,"Kisi oturuyor, dinlenik halde"
1764262540.1733398,49140,98281,normal,"Kisi oturuyor, dinlenik halde"
1764262540.178426,49175,98350,normal,"Kisi oturuyor, dinlenik halde"
1764262540.1835122,49200,98400,normal,"Kisi oturuyor, dinlenik halde"
1764262540.188598,49253,98507,normal,"Kisi oturuyor, dinlenik halde"
1764262540.1936815,49270,98540,normal,"Kisi oturuyor, dinlenik halde"
1764262540.198766,49307,98615,normal,"Kisi oturuyor, dinlenik halde"
1764262540.2038858,49373,98746,normal,"Kisi oturuyor, dinlenik halde"
1764262540.2089715,49393,98787,normal,"Kisi oturuyor, dinlenik halde"
1764262540.2140558,49454,98909,normal,"Kisi oturuyor, dinlenik halde"
1764262540.21914,49488,98977,normal,"Kisi oturuyor, dinlenik halde"
1764262540.2242255,49522,99044,normal,"Kisi oturuyor, dinlenik halde"
1764262540.2293108,49565,99131,normal,"Kisi oturuyor, dinlenik halde"
1764262540.2343943,49616,99233,normal,"Kisi oturuyor, dinlenik halde"
1764262540.2394795,49656,99313,normal,"Kisi oturuyor, dinlenik halde"
1764262540.244563,49706,99413,normal,"Kisi oturuyor, dinlenik halde"
1764262540.2496476,49766,99533,normal,"Kisi oturuyor, dinlenik halde"
1764262540.254733,49789,99578,normal,"Kisi oturuyor, dinlenik halde"
1764262540.2598178,49848,99696,normal,"Kisi oturuyor, dinlenik halde"
1764262540.264902,49879,99759,normal,"Kisi oturuyor, dinlenik halde"
1764262540.2699864,49925,99850,normal,"Kisi oturuyor, dinlenik halde"
1764262540.2750704,49986,99972,normal,"Kisi oturuyor, dinlenik halde"
1764262540.2801545,50031,100063,normal,"Kisi oturuyor, dinlenik halde"
1764262540.2852366,50090,100180,normal,"Kisi oturuyor, dinlenik halde"
1764262540.290321,50146,100293,normal,"Kisi oturuyor, dinlenik halde"
1764262540.2954042,50176,100353,normal,"Kisi oturuyor, dinlenik halde"
1764262540.3004885,50215,100431,normal,"Kisi oturuyor, dinlenik halde"
1764262540.3055978,50250,100501,normal,"Kisi oturuyor, dinlenik halde"
1764262540.3106837,50308,100617,normal,"Kisi oturuyor, dinlenik halde"
1764262540.3157668,50352,100704,normal,"Kisi oturuyor, dinlenik halde"
1764262540.320852,50388,100777,normal,"Kisi oturuyor, dinlenik halde"
1764262540.3259358,50441,100883,normal,"Kisi oturuyor, dinlenik halde"
1764262540.3310199,50484,100968,normal,"Kisi oturuyor, dinlenik halde"
1764262540.3361025,50513,101027,normal,"Kisi oturuyor, dinlenik halde"
1764262540.3411868,50573,101147,normal,"Kisi oturuyor, dinlenik halde"
1764262540.3462696,50627,101254,normal,"Kisi oturuyor, dinlenik halde"
1764262540.351353,50663,101326,normal,"Kisi oturuyor, dinlenik halde"
1764262540.3564377,50710,101420,normal,"Kisi oturuyor, dinlenik halde"
1764262540.361522,50719,101439,normal,"Kisi oturuyor, dinlenik halde"
1764262540.3666062,50779,101558,normal,"Kisi oturuyor, dinlenik halde"
1764262540.3716905,50805,101610,normal,"Kisi oturuyor, dinlenik halde"
1764262540.3767743,50840,101680,normal,"Kisi oturuyor, dinlenik halde"
1764262540.3818588,50873,101746,normal,"Kisi oturuyor, dinlenik halde"
1764262540.3869426,50889,101778,normal,"Kisi oturuyor, dinlenik halde"
1764262540.3920267,50939,101879,normal,"Kisi oturuyor, dinlenik halde"
1764262540.3971095,50966,101933,normal,"Kisi oturuyor, dinlenik halde"
1764262540.402194,50987,101974,normal,"Kisi oturuyor, dinlenik halde"
1764262540.407302,51036,102072,normal,"Kisi oturuyor, dinlenik halde"
1764262540.412384,51043,102087,normal,"Kisi oturuyor, dinlenik halde"
1764262540.4174693,51102,102205,normal,"Kisi oturuyor, dinlenik halde"
1764262540.4225585,51100,102200,normal,"Kisi oturuyor, dinlenik halde"
1764262540.4276583,51127,102254,normal,"Kisi oturuyor, dinlenik halde"
1764262540.432775,51145,102291,normal,"Kisi oturuyor, dinlenik halde"
1764262540.4378705,51151,102303,normal,"Kisi oturuyor, dinlenik halde"
1764262540.4429548,51177,102354,normal,"Kisi oturuyor, dinlenik halde"
1764262540.4481215,51190,102381,normal,"Kisi oturuyor, dinlenik halde"
1764262540.4532137,51206,102412,normal,"Kisi oturuyor, dinlenik halde"
1764262540.4582987,51209,102419,normal,"Kisi oturuyor, dinlenik halde"
1764262540.4633858,51229,102459,normal,"Kisi oturuyor, dinlenik halde"
1764262540.4684684,51240,102481,normal,"Kisi oturuyor, dinlenik halde"
1764262540.4735544,51247,102495,normal,"Kisi oturuyor, dinlenik halde"
1764262540.4786394,51237,102475,normal,"Kisi oturuyor, dinlenik halde"
1764262540.4839048,51261,102523,normal,"Kisi oturuyor, dinlenik halde"
1764262540.4889889,51266,102533,normal,"Kisi oturuyor, dinlenik halde"
1764262540.4940693,51239,102478,normal,"Kisi oturuyor, dinlenik halde"
1764262540.4991472,51255,102511,normal,"Kisi oturuyor, dinlenik halde"
1764262540.5042243,51245,102491,normal,"Kisi oturuyor, dinlenik halde"
1764262540.5093439,51239,102479,normal,"Kisi oturuyor, dinlenik halde"
1764262540.5144298,51240,102480,normal,"Kisi oturuyor, dinlenik halde"
1764262540.5195153,51215,102430,normal,"Kisi oturuyor, dinlenik halde"
1764262540.5245998,51212,102425,normal,"Kisi oturuyor, dinlenik halde"
1764262540.5296843,51191,102383,normal,"Kisi oturuyor, dinlenik halde"
1764262540.534769,51176,102352,normal,"Kisi oturuyor, dinlenik halde"
1764262540.5398543,51167,102335,normal,"Kisi oturuyor, dinlenik halde"
1764262540.5449388,51152,102304,normal,"Kisi oturuyor, dinlenik halde"
1764262540.550026,51128,102256,normal,"Kisi oturuyor, dinlenik halde"
1764262540.5551133,51105,102210,normal,"Kisi oturuyor, dinlenik halde"
1764262540.5601974,51070,102141,normal,"Kisi oturuyor, dinlenik halde"
1764262540.565282,51056,102113,normal,"Kisi oturuyor, dinlenik halde"
1764262540.5703678,51009,102019,normal,"Kisi oturuyor, dinlenik halde"
1764262540.5754516,51005,102010,normal,"Kisi oturuyor, dinlenik halde"
1764262540.5805361,50972,101944,normal,"Kisi oturuyor, dinlenik halde"
1764262540.5856216,50937,101874,normal,"Kisi oturuyor, dinlenik halde"
1764262540.5907054,50924,101848,normal,"Kisi oturuyor, dinlenik halde"
1764262540.59579,50858,101717,normal,"Kisi oturuyor, dinlenik halde"
1764262540.6008732,50838,101677,normal,"Kisi oturuyor, dinlenik halde"
1764262540.605958,50802,101604,normal,"Kisi oturuyor, dinlenik halde"
1764262540.6110659,50784,101568,normal,"Kisi oturuyor, dinlenik halde"
1764262540.6161523,50736,101473,normal,"Kisi oturuyor, dinlenik halde"
1764262540.621237,50690,101381,normal,"Kisi oturuyor, dinlenik halde"
1764262540.6263213,50648,101297,normal,"Kisi oturuyor, dinlenik halde"
1764262540.6314058,50604,101208,normal,"Kisi oturuyor, dinlenik halde"
1764262540.6364899,50571,101143,normal,"Kisi oturuyor, dinlenik halde"
1764262540.6415741,50540,101081,normal,"Kisi oturuyor, dinlenik halde"
1764262540.6466584,50476,100952,normal,"Kisi oturuyor, dinlenik halde"
1764262540.6517422,50433,100867,normal,"Kisi oturuyor, dinlenik halde"
1764262540.6568263,50410,100821,normal,"Kisi oturuyor, dinlenik halde"
1764262540.6619105,50360,100721,normal,"Kisi oturuyor, dinlenik halde"
1764262540.6669943,50308,100616,normal,"Kisi oturuyor, dinlenik halde"
1764262540.6720788,50264,100528,normal,"Kisi oturuyor, dinlenik halde"
1764262540.67717,50216,100433,normal,"Kisi oturuyor, dinlenik halde"
1764262540.6822703,50166,100332,normal,"Kisi oturuyor, dinlenik halde"
1764262540.6873553,50122,100245,normal,"Kisi oturuyor, dinlenik halde"
1764262540.6924396,50081,100163,normal,"Kisi oturuyor, dinlenik halde"
1764262540.6975243,50030,100061,normal,"Kisi oturuyor, dinlenik halde"
1764262540.7026072,49966,99932,normal,"Kisi oturuyor, dinlenik halde"
1764262540.7076912,49950,99900,normal,"Kisi oturuyor, dinlenik halde"
1764262540.712812,49865,99731,normal,"Kisi oturuyor, dinlenik halde"
1764262540.717896,49846,99693,normal,"Kisi oturuyor, dinlenik halde"
1764262540.7229805,49785,99571,normal,"Kisi oturuyor, dinlenik halde"
1764262540.7280643,49768,99536,normal,"Kisi oturuyor, dinlenik halde"
1764262540.7331467,49704,99408,normal,"Kisi oturuyor, dinlenik halde"
1764262540.738228,49662,99324,normal,"Kisi oturuyor, dinlenik halde"
1764262540.7433147,49619,99238,normal,"Kisi oturuyor, dinlenik halde"
1764262540.7484016,49577,99154,normal,"Kisi oturuyor, dinlenik halde"
1764262540.7534819,49527,99054,normal,"Kisi oturuyor, dinlenik halde"
1764262540.7585666,49492,98984,normal,"Kisi oturuyor, dinlenik halde"
1764262540.7636487,49445,98891,normal,"Kisi oturuyor, dinlenik halde"
1764262540.7687342,49401,98803,normal,"Kisi oturuyor, dinlenik halde"
1764262540.7738194,49363,98727,normal,"Kisi oturuyor, dinlenik halde"
1764262540.7789044,49326,98653,normal,"Kisi oturuyor, dinlenik halde"
1764262540.7839887,49284,98569,normal,"Kisi oturuyor, dinlenik halde"
1764262540.789073,49234,98469,normal,"Kisi oturuyor, dinlenik halde"
1764262540.7941573,49202,98404,normal,"Kisi oturuyor, dinlenik halde"
1764262540.7992413,49151,98302,normal,"Kisi oturuyor, dinlenik halde"
1764262540.804324,49111,98222,normal,"Kisi oturuyor, dinlenik halde"
1764262540.8094087,49116,98232,normal,"Kisi oturuyor, dinlenik halde"
1764262540.8145032,49078,98157,normal,"Kisi oturuyor, dinlenik halde"
1764262540.8195882,49034,98068,normal,"Kisi oturuyor, dinlenik halde"
1764262540.8246727,49001,98003,normal,"Kisi oturuyor, dinlenik halde"
1764262540.829758,48972,97944,normal,"Kisi oturuyor, dinlenik halde"
1764262540.834842,48951,97902,normal,"Kisi oturuyor, dinlenik halde"
1764262540.8399262,48917,97834,normal,"Kisi oturuyor, dinlenik halde"
1764262540.8450105,48910,97821,normal,"Kisi oturuyor, dinlenik halde"
1764262540.8500948,48894,97789,normal,"Kisi oturuyor, dinlenik halde"
1764262540.855176,48868,97737,normal,"Kisi oturuyor, dinlenik halde"
1764262540.8602607,48828,97657,normal,"Kisi oturuyor, dinlenik halde"
1764262540.865345,48821,97643,normal,"Kisi oturuyor, dinlenik halde"
1764262540.870429,48799,97599,normal,"Kisi oturuyor, dinlenik halde"
1764262540.8755128,48798,97597,normal,"Kisi oturuyor, dinlenik halde"
1764262540.8805966,48786,97573,normal,"Kisi oturuyor, dinlenik halde"
1764262540.8856812,48770,97540,normal,"Kisi oturuyor, dinlenik halde"
1764262540.890765,48758,97516,normal,"Kisi oturuyor, dinlenik halde"
1764262540.8958492,48749,97498,normal,"Kisi oturuyor, dinlenik halde"
1764262540.9009333,48769,97539,normal,"Kisi oturuyor, dinlenik halde"
1764262540.9060166,48740,97480,normal,"Kisi oturuyor, dinlenik halde"
1764262540.9111009,48746,97493,normal,"Kisi oturuyor, dinlenik halde"
1764262540.9162173,48734,97469,normal,"Kisi oturuyor, dinlenik halde"
1764262540.9213338,48752,97504,normal,"Kisi oturuyor, dinlenik halde"
1764262540.9264212,48761,97523,normal,"Kisi oturuyor, dinlenik halde"
1764262540.9315062,48772,97545,normal,"Kisi oturuyor, dinlenik halde"
1764262540.9365914,48758,97516,normal,"Kisi oturuyor, dinlenik halde"
1764262540.9416761,48761,97522,normal,"Kisi oturuyor, dinlenik halde"
1764262540.9467607,48792,97584,normal,"Kisi oturuyor, dinlenik halde"
1764262540.951845,48794,97588,normal,"Kisi oturuyor, dinlenik halde"
1764262540.9569275,48802,97604,normal,"Kisi oturuyor, dinlenik halde"
1764262540.9620118,48830,97661,normal,"Kisi oturuyor, dinlenik halde"
1764262540.967097,48843,97687,normal,"Kisi oturuyor, dinlenik halde"
1764262540.972181,48882,97765,normal,"Kisi oturuyor, dinlenik halde"
1764262540.9772646,48885,97771,normal,"Kisi oturuyor, dinlenik halde"
1764262540.9824018,48905,97811,normal,"Kisi oturuyor, dinlenik halde"
1764262540.9875617,48940,97881,normal,"Kisi oturuyor, dinlenik halde"
1764262540.9926841,48946,97893,normal,"Kisi oturuyor, dinlenik halde"
1764262540.9978027,48985,97970,normal,"Kisi oturuyor, dinlenik halde"
1764262541.002895,49030,98060,normal,"Kisi oturuyor, dinlenik halde"
1764262541.0079796,49053,98106,normal,"Kisi oturuyor, dinlenik halde"
1764262541.0130668,49080,98161,normal,"Kisi oturuyor, dinlenik halde"
1764262541.018247,49108,98217,normal,"Kisi oturuyor, dinlenik halde"
1764262541.0233264,49153,98306,normal,"Kisi oturuyor, dinlenik halde"
1764262541.0284073,49167,98334,normal,"Kisi oturuyor, dinlenik halde"
1764262541.0334878,49210,98420,normal,"Kisi oturuyor, dinlenik halde"
1764262541.0385685,49240,98480,normal,"Kisi oturuyor, dinlenik halde"
1764262541.0436482,49294,98589,normal,"Kisi oturuyor, dinlenik halde"
1764262541.0487278,49316,98633,normal,"Kisi oturuyor, dinlenik halde"
1764262541.0538073,49374,98748,normal,"Kisi oturuyor, dinlenik halde"
1764262541.0588868,49411,98822,normal,"Kisi oturuyor, dinlenik halde"
1764262541.0639665,49442,98885,normal,"Kisi oturuyor, dinlenik halde"
1764262541.0690463,49492,98984,normal,"Kisi oturuyor, dinlenik halde"
1764262541.0741262,49535,99071,normal,"Kisi oturuyor, dinlenik halde"
1764262541.0792062,49587,99174,normal,"Kisi oturuyor, dinlenik halde"
1764262541.0843127,49599,99199,normal,"Kisi oturuyor, dinlenik halde"
1764262541.0894127,49662,99324,normal,"Kisi oturuyor, dinlenik halde"
1764262541.0944982,49700,99400,normal,"Kisi oturuyor, dinlenik halde"
1764262541.099576,49755,99511,normal,"Kisi oturuyor, dinlenik halde"
1764262541.104654,49827,99655,normal,"Kisi oturuyor, dinlenik halde"
1764262541.1097302,49855,99711,normal,"Kisi oturuyor, dinlenik halde"
1764262541.1148071,49900,99800,normal,"Kisi oturuyor, dinlenik halde"
1764262541.1199586,49949,99899,normal,"Kisi oturuyor, dinlenik halde"
